TILE,TILE,TILE,TILE,TILE,TILE,TILE,TILE,TILE,TILE,TILE,TILE,TILE,TILE,TILE
TILE,TILE,TILE,TILE,TILE,TILE,TILE,TILE,TILE,TILE,TILE,TILE,TILE,TILE,TILE
TILE,TILE,TILE,TILE,TILE,TILE,TILE,TILE,TILE,TILE,TILE,TILE,TILE,TILE,TILE
TILE,TILE,TILE,TILE,TILE,TILE,TILE,TILE,TILE,TILE,TILE,TILE,TILE,TILE,TILE
TILE,TILE,TILE,TILE,TILE,TILE,TILE,TILE,TILE,TILE,TILE,TILE,TILE,TILE,TILE
TILE,TILE,TILE,TILE,TILE,TILE,TILE,TILE,TILE,TILE,TILE,TILE,TILE,TILE,TILE
TILE,TILE,TILE,TILE,TILE,TILE,TILE,TILE,TILE,TILE,TILE,TILE,TILE,TILE,TILE
TILE,TILE,TILE,TILE,TILE,TILE,TILE,TILE,TILE,TILE,TILE,TILE,TILE,TILE,TILE
TILE,TILE,TILE,TILE,TILE,TILE,TILE,TILE,TILE,TILE,TILE,TILE,TILE,TILE,TILE
TILE,TILE,TILE,TILE,TILE,TILE,TILE,TILE,TILE,TILE,TILE,TILE,TILE,TILE,TILE
TILE,TILE,TILE,TILE,TILE,TILE,TILE,TILE,TILE,TILE,TILE,TILE,TILE,TILE,TILE
TILE,TILE,TILE,TILE,TILE,TILE,TILE,TILE,TILE,TILE,TILE,TILE,TILE,TILE,TILE
TILE,TILE,TILE,TILE,TILE,TILE,TILE,TILE,TILE,TILE,TILE,TILE,TILE,TILE,TILE
TILE,TILE,TILE,TILE,TILE,TILE,TILE,TILE,TILE,TILE,TILE,TILE,TILE,TILE,TILE
TILE,TILE,TILE,TILE,TILE,TILE,TILE,TILE,TILE,TILE,TILE,TILE,TILE,TILE,TILE
